,tag,sample.number,partner.sample,substrate,site,species,rh,dbh,growth.per.yr,elevation,latitude,longitude,L.C,L.N,L.P,K.P,L.S,L.Ca,L.Mg,L.Mn,L.Cu,L.Zn,L.B,L.Mo,L.Na,L.Fe,moist,rocks,C,N,OM.new,CN.ratio,NO3,pH,P,K,Mn,Cu,Zn,Fe,B,Ca,Mg,CEC
A7,3021,291,27,soil,rs01,psme,58,18.2,0.180024644,510,44.202,122.257,na,na,0.279189189,0.139189189,na,0.644594595,0.15027027,378.3783784,8.108108108,8.108108108,0,na,335.1351351,183.7837838,78.21782178,44.88672596,13.203,0.444,26.406,29.73648649,1.287686515,5.04,28.72727273,120.9090909,117.8181818,1,2.272727273,206.2727273,1.548387097,10.34045455,1.361363636,12.01184149
B1,4564,208,104,soil,rs01,tshe,58,26.7,0.475963173,510,44.202,122.257,46.502,0.888,0.169686747,0.202843373,0.117,0.617493976,0.161060241,642.8915663,5.301204819,6.265060241,10.60240964,na,103.6144578,26.02409639,77.41935484,29.00516243,19.223,0.414,38.446,46.43236715,2.953657428,5.62,40.4,98.4,121.3,1,3,205.7,1.227436823,5.536,0.834166667,6.622474359
B3,4560,232,97,soil,rs01,tshe,58,33,0.393186969,510,44.202,122.257,46.158,1.105,0.262323084,0.342898975,0.145,0.755880918,0.164324061,694.9731576,5.368472426,6.832601269,15.12933138,na,89.79990239,40.50756467,169.2307692,54.90242103,32.012,0.747,64.024,42.854083,2.388949079,5.25,40.43478261,141.1304348,152.173913,1.391304348,4.956521739,170.0869565,2.5,7.576956522,1.087681159,9.026510591
B4,4625,246,101,soil,rs01,tabr,58,9.5,0.062082153,510,44.202,122.257,48.665,0.902,0.089478718,0.038402678,0.091,0.529124821,0.147871832,188.4265901,3.825920612,19.60784314,4.304160689,na,58.34528934,28.69440459,40.18691589,26.32839074,10.962,0.347,21.924,31.5907781,0.15740988,6.38,37.42857143,102,66.0952381,0.666666667,1.428571429,172.7619048,1.15942029,5.40952381,0.728571429,6.3996337
B6,4472,262,59,soil,rs01,tshe,58,21.5,0.34004655,510,44.202,122.257,47.352,0.85,0.134253092,0.164795433,0.099,0.376165557,0.080970504,557.0884872,2.854424358,2.854424358,10.94196004,0.475737393,61.84586108,44.24357755,133.5025381,43.56665776,32.758,0.77,65.516,42.54285714,0.163780653,5.65,42.2,135.1,109.2,0.7,2.1,206,2.477876106,6.0635,1.001666667,7.411576923
B7,4476,290,56,soil,rs01,psme,58,28.7,0.540073932,510,44.202,122.257,45.27,0.858,0.149712644,0.226915709,0.166,0.544971264,0.074952107,336.6858238,4.310344828,9.578544061,20.59386973,0.478927203,70.88122605,46.9348659,94.96855346,50.76878517,18.296,0.486,36.592,37.64609053,1.787669413,6.11,49.4,125.7,136.2,1.2,2.5,223.4,1.463414634,7.3295,1.044166667,8.695974359
C1,4635,207,75,soil,rs01,tshe,58,19.6,0.186246459,510,44.202,122.257,46.973,0.882,0.214877227,0.302936928,0,0.51535869,0.12185845,485.3153587,5.777563794,7.221954742,13.48098219,0.481463649,102.5517573,57.29417429,113.1578947,11.97875776,22.11,0.602,44.22,36.72757475,2.708881579,5.5,59.3,110.1,92.7,0.9,3.3,203,1.509433962,6.102,1.015,7.399307692
D3,4478,226,6,soil,rs01,tabr,58,22.8,0.120016429,510,44.202,122.257,na,na,0.121830986,0.02693662,na,0.579401408,0.119542254,258.8028169,8.802816901,24.64788732,14.08450704,1.76056338,267.6056338,114.4366197,63.33333333,45.95954331,11.374,0.346,22.748,32.87283237,0.418225352,5.92,34,83.42857143,108.8571429,0.666666667,1.523809524,187.4285714,0.981595092,6.924761905,0.923015873,8.061697192
E5,491,251,105,soil,rs01,tabr,58,16.7,0.200027382,510,44.202,122.257,48.097,1.021,0.100527325,0.076797699,0.103,0.506040268,0.091227229,302.4928092,3.355704698,21.57238734,6.711409396,na,34.51581975,29.7219559,59.76331361,28.58001132,20.485,0.53,40.97,38.6509434,0.07805579,6.28,48.26086957,101.9130435,71.2173913,0.956521739,1.47826087,205.9130435,1.186440678,5.921304348,0.850724638,7.033344482
F4,4499,242,115,soil,rs01,tabr,58,34.8,0.120016429,510,44.202,122.257,48.416,0.965,0.098300146,0.301311316,0.105,0.532297232,0.094997572,368.1398737,2.91403594,22.82661486,7.770762506,na,53.90966489,49.53861098,116,59.26186047,23.297,0.624,46.594,37.3349359,1.058704225,6.35,59.1,152.2,215.7,1.7,7,240,2.068965517,10.8805,1.048333333,12.31908974
F8,497,294,24,soil,rs01,psme,58,11.5,0.200027382,510,44.202,122.257,47.409,0.83,0.168402778,0.192361111,0.105,0.58859127,0.089930556,361.1111111,2.976190476,7.936507937,10.41666667,0.496031746,68.9484127,57.04365079,85.32818533,76.34766719,13.855,0.55,27.71,25.19090909,1.23110866,4.62,47.3,122.9,413,1.1,11.7,207.3,1.268292683,4.091,0.67,5.076128205
H5,315,248,87,soil,rs01,tabr,58,29.2,-0.660090361,510,44.202,122.257,48.235,0.862,0.082233251,0.014441687,0.097,0.529181141,0.158064516,116.6253102,4.466501241,15.8808933,9.429280397,0.496277916,51.61290323,55.08684864,47.45308311,48.89858121,9.62,0.213,19.24,45.16431925,0.294484872,6.28,33.63636364,106.6363636,81.18181818,0.727272727,1.727272727,201.3636364,1.772151899,5.737727273,0.877272727,6.888426573
Needles-A6,315,87,248,needle,rs01,tabr,58,29.2,-0.660090361,510,44.202,122.257,48.235,0.862,0.082233251,0.014441687,0.097,0.529181141,0.158064516,116.6253102,4.466501241,15.8808933,9.429280397,0.496277916,51.61290323,55.08684864,47.45308311,48.89858121,9.62,0.213,19.24,45.16431925,0.294484872,6.28,33.63636364,106.6363636,81.18181818,0.727272727,1.727272727,201.3636364,1.772151899,5.737727273,0.877272727,6.888426573
Needles-B2,3021,27,291,needle,rs01,psme,58,18.2,0.180024644,510,44.202,122.257,na,na,0.279189189,0.139189189,na,0.644594595,0.15027027,378.3783784,8.108108108,8.108108108,0,na,335.1351351,183.7837838,78.21782178,44.88672596,13.203,0.444,26.406,29.73648649,1.287686515,5.04,28.72727273,120.9090909,117.8181818,1,2.272727273,206.2727273,1.548387097,10.34045455,1.361363636,12.01184149
Needles-B4,4476,56,290,needle,rs01,psme,58,28.7,0.540073932,510,44.202,122.257,45.27,0.858,0.149712644,0.226915709,0.166,0.544971264,0.074952107,336.6858238,4.310344828,9.578544061,20.59386973,0.478927203,70.88122605,46.9348659,94.96855346,50.76878517,18.296,0.486,36.592,37.64609053,1.787669413,6.11,49.4,125.7,136.2,1.2,2.5,223.4,1.463414634,7.3295,1.044166667,8.695974359
Needles-B5,4635,75,207,needle,rs01,tshe,58,19.6,0.186246459,510,44.202,122.257,46.973,0.882,0.214877227,0.302936928,0,0.51535869,0.12185845,485.3153587,5.777563794,7.221954742,13.48098219,0.481463649,102.5517573,57.29417429,113.1578947,11.97875776,22.11,0.602,44.22,36.72757475,2.708881579,5.5,59.3,110.1,92.7,0.9,3.3,203,1.509433962,6.102,1.015,7.399307692
Needles-B7,4560,97,232,needle,rs01,tshe,58,33,0.393186969,510,44.202,122.257,46.158,1.105,0.262323084,0.342898975,0.145,0.755880918,0.164324061,694.9731576,5.368472426,6.832601269,15.12933138,na,89.79990239,40.50756467,169.2307692,54.90242103,32.012,0.747,64.024,42.854083,2.388949079,5.25,40.43478261,141.1304348,152.173913,1.391304348,4.956521739,170.0869565,2.5,7.576956522,1.087681159,9.026510591
Needles-C8,1421,106,245,needle,rs01,tshe,58,NA,NA,510,44.202,122.257,46.812,0.832,0.169727047,0.189727047,0.098,0.52382134,0.135583127,565.7568238,3.473945409,4.962779156,17.36972705,na,58.56079404,21.33995037,NA,NA,NA,NA,NA,NA,NA,NA,NA,NA,NA,NA,NA,NA,NA,NA,NA,NA
Needles-D1,4060,11,263,needle,rs01,tshe,58,NA,NA,510,44.202,122.257,47.541,0.905,0.119103314,0.161695906,0.101,0.545224172,0.108966862,303.6062378,4.873294347,8.771929825,13.64522417,0.487329435,100.877193,46.78362573,NA,NA,NA,NA,NA,NA,NA,NA,NA,NA,NA,NA,NA,NA,NA,NA,NA,NA
Needles-D8,491,105,251,needle,rs01,tabr,58,16.7,0.200027382,510,44.202,122.257,48.097,1.021,0.100527325,0.076797699,0.103,0.506040268,0.091227229,302.4928092,3.355704698,21.57238734,6.711409396,na,34.51581975,29.7219559,59.76331361,28.58001132,20.485,0.53,40.97,38.6509434,0.07805579,6.28,48.26086957,101.9130435,71.2173913,0.956521739,1.47826087,205.9130435,1.186440678,5.921304348,0.850724638,7.033344482
Needles-D9,4499,115,242,needle,rs01,tabr,58,34.8,0.120016429,510,44.202,122.257,48.416,0.965,0.098300146,0.301311316,0.105,0.532297232,0.094997572,368.1398737,2.91403594,22.82661486,7.770762506,na,53.90966489,49.53861098,116,59.26186047,23.297,0.624,46.594,37.3349359,1.058704225,6.35,59.1,152.2,215.7,1.7,7,240,2.068965517,10.8805,1.048333333,12.31908974
Needles-E2,497,24,294,needle,rs01,psme,58,11.5,0.200027382,510,44.202,122.257,47.409,0.83,0.168402778,0.192361111,0.105,0.58859127,0.089930556,361.1111111,2.976190476,7.936507937,10.41666667,0.496031746,68.9484127,57.04365079,85.32818533,76.34766719,13.855,0.55,27.71,25.19090909,1.23110866,4.62,47.3,122.9,413,1.1,11.7,207.3,1.268292683,4.091,0.67,5.076128205
Needles-E8,4564,104,208,needle,rs01,tshe,58,26.7,0.475963173,510,44.202,122.257,46.502,0.888,0.169686747,0.202843373,0.117,0.617493976,0.161060241,642.8915663,5.301204819,6.265060241,10.60240964,na,103.6144578,26.02409639,77.41935484,29.00516243,19.223,0.414,38.446,46.43236715,2.953657428,5.62,40.4,98.4,121.3,1,3,205.7,1.227436823,5.536,0.834166667,6.622474359
Needles-F4,4488,48,292,needle,rs01,psme,58,34.6,0.360049288,510,44.202,122.257,46.232,0.89,0.159446333,0.3378339,0.137,0.429966003,0.075182127,244.7790189,3.399708596,14.5701797,10.68479845,0.485672657,56.33802817,42.73919378,NA,NA,NA,NA,NA,NA,NA,NA,NA,NA,NA,NA,NA,NA,NA,NA,NA,NA
Needles-G1,4478,6,226,needle,rs01,tabr,58,22.8,0.120016429,510,44.202,122.257,na,na,0.121830986,0.02693662,na,0.579401408,0.119542254,258.8028169,8.802816901,24.64788732,14.08450704,1.76056338,267.6056338,114.4366197,63.33333333,45.95954331,11.374,0.346,22.748,32.87283237,0.418225352,5.92,34,83.42857143,108.8571429,0.666666667,1.523809524,187.4285714,0.981595092,6.924761905,0.923015873,8.061697192
Needles-G5,4472,59,262,needle,rs01,tshe,58,21.5,0.34004655,510,44.202,122.257,47.352,0.85,0.134253092,0.164795433,0.099,0.376165557,0.080970504,557.0884872,2.854424358,2.854424358,10.94196004,0.475737393,61.84586108,44.24357755,133.5025381,43.56665776,32.758,0.77,65.516,42.54285714,0.163780653,5.65,42.2,135.1,109.2,0.7,2.1,206,2.477876106,6.0635,1.001666667,7.411576923
Needles-G8,4625,101,246,needle,rs01,tabr,58,9.5,0.062082153,510,44.202,122.257,48.665,0.902,0.089478718,0.038402678,0.091,0.529124821,0.147871832,188.4265901,3.825920612,19.60784314,4.304160689,na,58.34528934,28.69440459,40.18691589,26.32839074,10.962,0.347,21.924,31.5907781,0.15740988,6.38,37.42857143,102,66.0952381,0.666666667,1.428571429,172.7619048,1.15942029,5.40952381,0.728571429,6.3996337
C5,279,253,na,soil,rs03,psme,61,156.4,0,950,44.26,122.159,na,na,na,na,na,na,na,na,na,na,na,na,na,na,138.372093,22.68963041,12.431,0.503,24.862,24.71371769,0.726041667,5.91,16.1,89.9,42.9,0.9,2,123.8,0.771208226,3.044,0.454166667,3.728679487
D5,301,252,na,soil,rs03,psme,61,120.2,0.240032859,950,44.26,122.159,na,na,na,na,na,na,na,na,na,na,na,na,na,na,106.9767442,8.398097927,13.442,0.427,26.884,31.48009368,0.216049697,6.03,13.36363636,70.09090909,46.81818182,0.727272727,1.909090909,114.4545455,0.825242718,3.686818182,0.622727273,4.489265734
D9,141,304,108,soil,rs03,psme,61,111,0.200027382,950,44.26,122.159,47.209,0.899,0.199117214,0.474350172,0.117,0.681951937,0.084894556,428.6414909,2.452182442,18.63658656,3.433055419,na,57.87150564,30.89749877,171.1267606,12.90069721,26.828,0.673,53.656,39.86329866,1.801056338,4.87,26.45454545,117.7272727,36.63636364,0.818181818,3.727272727,179.8181818,1.045296167,3.568181818,0.693939394,4.563986014
E10,71,311,na,soil,rs03,psme,61,131.7,0.040005476,950,44.26,122.159,na,na,na,na,na,na,na,na,na,na,na,na,na,na,214.1361257,0,38.28,0.764,76.56,50.10471204,2.630890052,4.64,37.23809524,127.3333333,86.95238095,0.952380952,3.523809524,215.5238095,2.048192771,5.349047619,0.614285714,6.28982906
F10,234,310,na,soil,rs03,psme,61,189.2,0.360049288,950,44.26,122.159,na,na,na,na,na,na,na,na,na,na,na,na,na,na,142.8571429,7.732919255,21.768,0.609,43.536,35.74384236,1.426358149,4.92,20.09090909,112.1818182,88.81818182,1,3.181818182,176.6363636,1.403508772,4.037727273,0.585606061,4.910979021
G10,132,309,2,soil,rs03,psme,61,121,0.100013691,950,44.26,122.159,47.353,0.873,0.122320988,0.184098765,0.122,0.556493827,0.082074074,433.0864198,2.962962963,13.33333333,15.80246914,na,71.60493827,44.44444444,245.4545455,0,36.314,0.829,72.628,43.80458384,2.176363636,5.27,27.8,121.8,53.1,1.1,4.4,211.9,1.777777778,4.3565,0.733333333,5.402141026
G2,342,211,na,soil,rs03,psme,61,136.3,0.480065717,950,44.26,122.159,na,na,na,na,na,na,na,na,na,na,na,na,na,na,101.4925373,6.722245605,10.821,0.375,21.642,28.856,5.184885432,5.56,21.33333333,94.57142857,51.80952381,0.761904762,1.904761905,149.6190476,0.56,1.798095238,0.383333333,2.423919414
H10,365,308,na,soil,rs03,psme,61,172.3,0.240032859,950,44.26,122.159,na,na,na,na,na,na,na,na,na,na,na,na,na,na,120.5323194,0,18.711,0.525,37.422,35.64,1.613209021,4.75,34.45454545,155.0909091,131.3636364,0.909090909,4.818181818,226.4545455,1.314285714,4.784545455,0.838636364,6.020850816
Needles-A8,141,108,304,needle,rs03,psme,61,111,0.200027382,950,44.26,122.159,47.209,0.899,0.199117214,0.474350172,0.117,0.681951937,0.084894556,428.6414909,2.452182442,18.63658656,3.433055419,na,57.87150564,30.89749877,171.1267606,12.90069721,26.828,0.673,53.656,39.86329866,1.801056338,4.87,26.45454545,117.7272727,36.63636364,0.818181818,3.727272727,179.8181818,1.045296167,3.568181818,0.693939394,4.563986014
Needles-H1,132,2,309,needle,rs03,psme,61,121,0.100013691,950,44.26,122.159,47.353,0.873,0.122320988,0.184098765,0.122,0.556493827,0.082074074,433.0864198,2.962962963,13.33333333,15.80246914,na,71.60493827,44.44444444,245.4545455,0,36.314,0.829,72.628,43.80458384,2.176363636,5.27,27.8,121.8,53.1,1.1,4.4,211.9,1.777777778,4.3565,0.733333333,5.402141026
A1,10,209,94,soil,rs05,tabr,60,19,0,920,44.222,122.202,48.799,1.039,0.095256724,0.132811736,0.101,0.300293399,0.146454768,457.2127139,4.88997555,21.02689487,17.11491443,0,25.91687042,55.74572127,53.92156863,6.432603868,4.789,0.21,9.578,22.8047619,1.045383987,5.98,25.54545455,96.27272727,89.18181818,0.909090909,2.454545455,85.18181818,0.394477318,1.743181818,0.581060606,2.571095571
C8,9791,297,55,soil,rs05,tabr,60,6,0.095216371,920,44.222,122.202,49.371,0.832,0.076712985,0.082319118,0.082,0.373263057,0.105797796,700.5270724,4.791566842,21.08289411,9.583133685,0.479156684,78.58169621,53.18639195,133.3333333,25.65836299,15.97,0.491,31.94,32.52545825,0.94943662,5.35,66.27272727,149.9090909,340.2727273,1.272727273,8.181818182,245.4545455,1.54589372,3.799545455,0.631818182,4.815745921
D2,7,214,69,soil,rs05,tabr,60,34.5,0.095216371,920,44.222,122.202,48.874,0.793,0.081295312,0.180666989,0,0.398356694,0.131996133,877.7187047,2.41662639,28.03286612,12.08313195,0.483325278,107.2982117,42.04929918,55.78947368,6.309409888,4.723,0.23,9.446,20.53478261,0.398250556,5.84,29.8,114.9,91.6,1.4,2.9,91.7,0.398406375,2.4575,0.84,3.592115385
G1,18,201,103,soil,rs05,tabr,60,10.1,0.076173097,920,44.222,122.202,48.681,0.822,0.074353974,0.116626036,0.093,0.486786933,0.122233057,733.7883959,2.925402243,37.05509508,13.16431009,na,56.07020965,27.30375427,63.63636364,7.505930776,7.271,0.263,14.542,27.64638783,0.93974026,6.07,39.80952381,93.61904762,120.1904762,0.761904762,2.476190476,133.1428571,0.983606557,1.263333333,0.373015873,1.876398046
G8,15,293,8,soil,rs05,tabr,60,27.1,0,920,44.222,122.202,48.49,0.806,0.07643876,0.038760453,0.096,0.438760453,0.152582391,628.13576,2.951303492,20.65912445,11.31333005,0.491883915,69.35563207,46.23708805,80.48780488,2.461197339,8.622,0.337,17.244,25.58456973,1.353658537,6.08,77.61904762,155.047619,214.1904762,0.952380952,3.428571429,274.8571429,0.869565217,7.618571429,1.073809524,9.08993895
Needles-C4,9791,55,297,needle,rs05,tabr,60,6,0.095216371,920,44.222,122.202,49.371,0.832,0.076712985,0.082319118,0.082,0.373263057,0.105797796,700.5270724,4.791566842,21.08289411,9.583133685,0.479156684,78.58169621,53.18639195,133.3333333,25.65836299,15.97,0.491,31.94,32.52545825,0.94943662,5.35,66.27272727,149.9090909,340.2727273,1.272727273,8.181818182,245.4545455,1.54589372,3.799545455,0.631818182,4.815745921
Needles-C7,10,94,209,needle,rs05,tabr,60,19,0,920,44.222,122.202,48.799,1.039,0.095256724,0.132811736,0.101,0.300293399,0.146454768,457.2127139,4.88997555,21.02689487,17.11491443,0,25.91687042,55.74572127,53.92156863,6.432603868,4.789,0.21,9.578,22.8047619,1.045383987,5.98,25.54545455,96.27272727,89.18181818,0.909090909,2.454545455,85.18181818,0.394477318,1.743181818,0.581060606,2.571095571
Needles-D5,7,69,214,needle,rs05,tabr,60,34.5,0.095216371,920,44.222,122.202,48.874,0.793,0.081295312,0.180666989,0,0.398356694,0.131996133,877.7187047,2.41662639,28.03286612,12.08313195,0.483325278,107.2982117,42.04929918,55.78947368,6.309409888,4.723,0.23,9.446,20.53478261,0.398250556,5.84,29.8,114.9,91.6,1.4,2.9,91.7,0.398406375,2.4575,0.84,3.592115385
Needles-F1,15,8,293,needle,rs05,tabr,60,27.1,0,920,44.222,122.202,48.49,0.806,0.07643876,0.038760453,0.096,0.438760453,0.152582391,628.13576,2.951303492,20.65912445,11.31333005,0.491883915,69.35563207,46.23708805,80.48780488,2.461197339,8.622,0.337,17.244,25.58456973,1.353658537,6.08,77.61904762,155.047619,214.1904762,0.952380952,3.428571429,274.8571429,0.869565217,7.618571429,1.073809524,9.08993895
Needles-F8,18,103,201,needle,rs05,tabr,60,10.1,0.076173097,920,44.222,122.202,48.681,0.822,0.074353974,0.116626036,0.093,0.486786933,0.122233057,733.7883959,2.925402243,37.05509508,13.16431009,na,56.07020965,27.30375427,63.63636364,7.505930776,7.271,0.263,14.542,27.64638783,0.93974026,6.07,39.80952381,93.61904762,120.1904762,0.761904762,2.476190476,133.1428571,0.983606557,1.263333333,0.373015873,1.876398046
C3,114,230,na,soil,rs08,tabr,57,7.9,0.137118724,500,44.202,122.256,na,na,na,na,na,na,na,na,na,na,na,na,na,na,200,53.02250804,29.34,0.837,58.68,35.05376344,1.117285714,5.17,63.1,149.6,128,1.3,5.9,211.5,1.904761905,9.024,1.22,10.62758974
C7,4058,289,16,soil,rs08,psme,57,10.4,0.049988595,500,44.202,122.256,46.27,0.746,0.203930131,0.31426492,0.106,0.550557982,0.083357593,217.85541,2.426006793,7.278020378,5.822416303,0,109.1703057,38.81610869,70.73170732,40.38029525,16.774,0.582,33.548,28.82130584,0.689659911,5.89,114.8,185.3,156.1,2,4,306.8,1.649484536,13.4225,2.034166667,15.93179487
D1,19,204,81,soil,rs08,tabr,57,8.4,0.016662865,500,44.202,122.256,47.648,1.236,0.121805624,0.033941786,0.128,0.738480513,0.193191909,231.3764184,4.933399112,22.69363592,14.80019734,0.493339911,44.89393192,72.02762704,100,50.29077118,16.426,0.476,32.852,34.50840336,1.394366197,6.03,52.9,167,124.6,1.2,4.7,207.4,1.490196078,10.4155,1.778333333,12.62203846
E1,32,203,114,soil,rs08,psme,57,9.7,0.09997719,500,44.202,122.256,46.542,0.84,0.124663677,0.265022422,0.108,0.685849527,0.130044843,258.0966617,1.494768311,8.968609865,8.968609865,na,49.32735426,40.35874439,49.23076923,19.32254376,5.561,0.234,11.122,23.76495726,0.379259341,6.42,58.57142857,132.8571429,32.57142857,0.857142857,1.333333333,153.8095238,0.99009901,6.564761905,1.180952381,8.086373626
E7,251,287,12,soil,rs08,tshe,57,25.5,0.416571624,500,44.202,122.256,46.03,0.935,0.224317618,0.233498759,0.11,0.561091811,0.111414392,490.3225806,5.955334988,5.955334988,17.36972705,0.496277916,118.6104218,56.07940447,214.0495868,0,16.796,0.597,33.592,28.13400335,1.179031877,6.1,28.27272727,116.2727273,116.8181818,1.909090909,5,117,3.947368421,12.97909091,2.604545455,15.88177156
G4,78,241,117,soil,rs08,tabr,57,13.5,-0.049988595,500,44.202,122.256,45.876,2.292,0.090983213,0.269928058,0.168,0.600719424,0.113189448,383.2134293,2.398081535,31.65467626,8.633093525,na,47.9616307,27.8177458,53.39233038,31.15591815,5.327,0.223,10.654,23.88789238,0.661099339,6.25,28,98.95238095,65.52380952,0.952380952,2.380952381,161.2380952,0.664652568,8.05952381,1.565079365,9.878327228
H7,38,264,na,soil,rs08,psme,57,34,0.233280109,500,44.202,122.256,na,na,na,na,na,na,na,na,na,na,na,na,na,na,67.6300578,19.29858649,9.236,0.314,18.472,29.41401274,0.411519987,6.48,20.66666667,123.9047619,63.52380952,1.142857143,1.904761905,212.0952381,0.823970037,6.976666667,2.711111111,10.0054823
Needles-A1,4058,16,289,needle,rs08,psme,57,10.4,0.049988595,500,44.202,122.256,46.27,0.746,0.203930131,0.31426492,0.106,0.550557982,0.083357593,217.85541,2.426006793,7.278020378,5.822416303,0,109.1703057,38.81610869,70.73170732,40.38029525,16.774,0.582,33.548,28.82130584,0.689659911,5.89,114.8,185.3,156.1,2,4,306.8,1.649484536,13.4225,2.034166667,15.93179487
Needles-B9,78,117,241,needle,rs08,tabr,57,13.5,-0.049988595,500,44.202,122.256,45.876,2.292,0.090983213,0.269928058,0.168,0.600719424,0.113189448,383.2134293,2.398081535,31.65467626,8.633093525,na,47.9616307,27.8177458,53.39233038,31.15591815,5.327,0.223,10.654,23.88789238,0.661099339,6.25,28,98.95238095,65.52380952,0.952380952,2.380952381,161.2380952,0.664652568,8.05952381,1.565079365,9.878327228
Needles-C1,251,12,287,needle,rs08,tshe,57,25.5,0.416571624,500,44.202,122.256,46.03,0.935,0.224317618,0.233498759,0.11,0.561091811,0.111414392,490.3225806,5.955334988,5.955334988,17.36972705,0.496277916,118.6104218,56.07940447,214.0495868,0,16.796,0.597,33.592,28.13400335,1.179031877,6.1,28.27272727,116.2727273,116.8181818,1.909090909,5,117,3.947368421,12.97909091,2.604545455,15.88177156
Needles-E1,29,9,288,needle,rs08,tshe,57,25.4,0.366583029,500,44.202,122.256,46.805,0.976,0.293952588,0.313884857,0.129,0.65549105,0.136526367,743.5897436,4.35413643,5.805515239,34.83309144,0.483792937,147.0730527,42.57377842,NA,NA,NA,NA,NA,NA,NA,NA,NA,NA,NA,NA,NA,NA,NA,NA,NA,NA
Needles-E7,910,92,233,needle,rs08,tshe,57,25.2,0.399908759,500,44.202,122.256,46.822,0.718,0.147857838,0.141480039,0.103,0.649805258,0.160418695,468.8412853,5.842259007,6.815968841,14.60564752,0.486854917,170.399221,61.83057449,NA,NA,NA,NA,NA,NA,NA,NA,NA,NA,NA,NA,NA,NA,NA,NA,NA,NA
Needles-E9,32,114,203,needle,rs08,psme,57,9.7,0.09997719,500,44.202,122.256,46.542,0.84,0.124663677,0.265022422,0.108,0.685849527,0.130044843,258.0966617,1.494768311,8.968609865,8.968609865,na,49.32735426,40.35874439,49.23076923,19.32254376,5.561,0.234,11.122,23.76495726,0.379259341,6.42,58.57142857,132.8571429,32.57142857,0.857142857,1.333333333,153.8095238,0.99009901,6.564761905,1.180952381,8.086373626
Needles-F6,19,81,204,needle,rs08,tabr,57,8.4,0.016662865,500,44.202,122.256,47.648,1.236,0.121805624,0.033941786,0.128,0.738480513,0.193191909,231.3764184,4.933399112,22.69363592,14.80019734,0.493339911,44.89393192,72.02762704,100,50.29077118,16.426,0.476,32.852,34.50840336,1.394366197,6.03,52.9,167,124.6,1.2,4.7,207.4,1.490196078,10.4155,1.778333333,12.62203846
C11,653,317,26,soil,rs17,tabr,57,10.4,0.280038335,500,44.221,122.239,49.026,1.11,0.097130134,0.055764473,0.097,0.459030183,0.089559624,669.9653637,3.958436418,33.151905,7.422068283,0.494804552,88.57001484,61.35576447,66.66666667,11.76540566,5.055,0.259,10.11,19.51737452,0.679861111,5.89,84.36363636,80.18181818,69.27272727,0.545454545,3,152.3636364,0.7,1.431363636,0.372727273,2.009685315
D11,211,316,43,soil,rs17,tabr,57,15,0.040005476,500,44.221,122.239,47.997,1.673,0.17972973,0.156660232,0.101,0.334073359,0.104826255,229.2471042,2.895752896,29.44015444,9.16988417,0.482625483,106.1776062,66.11969112,46.91943128,0.68878357,2.506,0.182,5.012,13.76923077,3.060476604,6.1,32.7,89.4,71.5,0.6,1.4,91.7,0.303030303,2.24,0.7775,3.246730769
E6,717,259,98,soil,rs17,tabr,57,12.7,0.080010953,500,44.221,122.239,48.187,1.018,0.091814596,0.131213018,0.116,0.417061144,0.117455621,585.7988166,5.424063116,24.1617357,4.930966469,na,67.55424063,20.71005917,50.23474178,1.401355851,10.842,0.301,21.684,36.01993355,0.374084507,6.21,45.33333333,129.6190476,56.85714286,0.952380952,4.666666667,244.5714286,0.634920635,2.718095238,0.566666667,3.617118437
F9,206,302,31,soil,rs17,tabr,57,10.8,0.020002738,500,44.221,122.239,48.256,0.946,0.115361891,0.108714919,0.093,0.412456918,0.064647957,483.5056622,3.938946332,24.61841457,7.877892664,0.492368291,92.5652388,49.23682915,52.9209622,3.793598766,6.849,0.365,13.698,18.76438356,0.815578465,6.04,81.72727273,103.5454545,86.72727273,0.545454545,3.181818182,105.7272727,0.728476821,2.868636364,0.476515152,3.610652681
G6,213,257,107,soil,rs17,tabr,57,14.7,0,500,44.221,122.239,48.55,0.849,0.093247588,0.296233349,0.083,0.344235186,0.082958199,375.2870923,3.215434084,30.31694993,6.430868167,na,43.63803399,33.99173174,54.09836066,1.253818683,11.458,0.375,22.916,30.55466667,0.287943794,5.92,13.42857143,191.5238095,59.52380952,0.666666667,1.333333333,114,0.512557663,4.192857143,1.093650794,5.777594628
Needles-A7,717,98,259,needle,rs17,tabr,57,12.7,0.080010953,500,44.221,122.239,48.187,1.018,0.091814596,0.131213018,0.116,0.417061144,0.117455621,585.7988166,5.424063116,24.1617357,4.930966469,na,67.55424063,20.71005917,50.23474178,1.401355851,10.842,0.301,21.684,36.01993355,0.374084507,6.21,45.33333333,129.6190476,56.85714286,0.952380952,4.666666667,244.5714286,0.634920635,2.718095238,0.566666667,3.617118437
Needles-B8,213,107,257,needle,rs17,tabr,57,14.7,0,500,44.221,122.239,48.55,0.849,0.093247588,0.296233349,0.083,0.344235186,0.082958199,375.2870923,3.215434084,30.31694993,6.430868167,na,43.63803399,33.99173174,54.09836066,1.253818683,11.458,0.375,22.916,30.55466667,0.287943794,5.92,13.42857143,191.5238095,59.52380952,0.666666667,1.333333333,114,0.512557663,4.192857143,1.093650794,5.777594628
Needles-C2,653,26,317,needle,rs17,tabr,57,10.4,0.280038335,500,44.221,122.239,49.026,1.11,0.097130134,0.055764473,0.097,0.459030183,0.089559624,669.9653637,3.958436418,33.151905,7.422068283,0.494804552,88.57001484,61.35576447,66.66666667,11.76540566,5.055,0.259,10.11,19.51737452,0.679861111,5.89,84.36363636,80.18181818,69.27272727,0.545454545,3,152.3636364,0.7,1.431363636,0.372727273,2.009685315
Needles-F3,206,31,302,needle,rs17,tabr,57,10.8,0.020002738,500,44.221,122.239,48.256,0.946,0.115361891,0.108714919,0.093,0.412456918,0.064647957,483.5056622,3.938946332,24.61841457,7.877892664,0.492368291,92.5652388,49.23682915,52.9209622,3.793598766,6.849,0.365,13.698,18.76438356,0.815578465,6.04,81.72727273,103.5454545,86.72727273,0.545454545,3.181818182,105.7272727,0.728476821,2.868636364,0.476515152,3.610652681
Needles-H4,211,43,316,needle,rs17,tabr,57,15,0.040005476,500,44.221,122.239,47.997,1.673,0.17972973,0.156660232,0.101,0.334073359,0.104826255,229.2471042,2.895752896,29.44015444,9.16988417,0.482625483,106.1776062,66.11969112,46.91943128,0.68878357,2.506,0.182,5.012,13.76923077,3.060476604,6.1,32.7,89.4,71.5,0.6,1.4,91.7,0.303030303,2.24,0.7775,3.246730769
A4,227,247,67,soil,rs20,tshe,59,7.6,0.489939638,700,44.222,122.249,na,na,0.200740349,0.206451613,na,0.540930724,0.141723956,641.9883659,4.230565838,5.288207298,5.288207298,na,122.1575886,51.82443152,66.15384615,11.32323331,6.392,0.263,12.784,24.30418251,0.052823077,6.06,93.75,365.4166667,268.75,2.083333333,5.416666667,771.6666667,0.638722555,16.5125,4.927083333,22.37654915
A9,1860,307,54,soil,rs20,psme,59,19.4,0.097987928,700,44.222,122.249,46.991,0.858,0.247325301,0.250216867,0.106,0.994746988,0.12053012,509.3975904,2.409638554,8.192771084,4.819277108,na,100.7228916,39.51807229,179.0697674,15.40465116,35.59,1.094,71.18,32.53199269,2.344186047,5.59,61.8,121.8,326.2,0.9,5.7,249.2,2.682926829,9.7255,1.2775,11.31530769
B5,230,254,83,soil,rs20,tshe,59,8.2,0.51443662,700,44.222,122.249,46.11,0.789,0.219931102,0.193061024,0.112,0.771751969,0.132135827,1055.610236,4.921259843,3.44488189,13.28740157,na,67.42125984,44.78346457,87.05035971,53.46512834,11.374,0.405,22.748,28.08395062,0.243677934,6.01,66.27272727,101.8181818,118.1818182,0.636363636,2.363636364,237.6363636,1.595092025,5.270909091,0.992424242,6.524405594
B9,1583,306,40,soil,rs20,psme,59,27.3,0.171478873,700,44.222,122.249,48.084,0.948,0.11391924,0.103230404,0.121,0.570356295,0.106128266,280.2850356,4.750593824,8.076009501,4.750593824,0.475059382,73.63420428,52.25653207,163.6655949,27.47284869,40.771,1.111,81.542,36.69756976,2.528961551,5.32,50.8,129.6,305.6,1.5,6.8,179.2,1.974248927,8.3495,1.145833333,9.827641026
C9,1910,305,25,soil,rs20,psme,59,40.8,0.244969819,700,44.222,122.249,na,na,0.378032148,0.418753044,na,1.271261568,0.083049196,748.1734048,4.383828544,13.15148563,13.63857769,0.48709206,239.6492937,38.96736483,48.08652246,25.70088435,4.663,0.169,9.326,27.59171598,0.55988877,5.91,65.04761905,307.8095238,96.76190476,1.047619048,1.904761905,295.7142857,0.678733032,10.0752381,2.524603175,13.38909646
F2,226,212,78,soil,rs20,tshe,59,7.5,0.416448692,700,44.222,122.249,46.31,0.734,0.235721248,0.261598441,0,0.841569201,0.131335283,786.5497076,2.923976608,4.385964912,10.23391813,na,79.92202729,39.47368421,54.95495495,27.45476761,4.496,0.183,8.992,24.56830601,0.170232204,6.09,17.61904762,113.8095238,58.85714286,1.333333333,1.904761905,202,0.355029586,8.87047619,3.194444444,12.35673993
F5,1801,250,84,soil,rs20,tshe,59,17.3,0.293963783,700,44.222,122.249,0,0,0.216458853,0.243042394,0,0.599750623,0.136309227,458.8528678,5.486284289,10.47381546,7.481296758,0.498753117,124.6882793,54.86284289,248.9932886,57.87221156,7.004,0.34,14.008,20.6,0.35917226,5.56,49.7,88.2,104.1,0.9,2.3,222.9,1.560283688,7.814,1.220833333,9.260987179
G7,1624,285,39,soil,rs20,psme,59,28.5,0.171478873,700,44.222,122.249,47.711,0.95,0.249262537,0.287512291,0.131,0.655408063,0.087807276,514.7492625,2.949852507,11.79941003,6.391347099,0.491642085,146.5093412,50.63913471,95.65217391,42.21967963,8.032,0.276,16.064,29.10144928,0.51568323,6.37,27.4,198.9,80.2,0.8,1.5,140.1,1.967213115,3.7385,0.7525,5.001
Needles-A3,1583,40,306,needle,rs20,psme,59,27.3,0.171478873,700,44.222,122.249,48.084,0.948,0.11391924,0.103230404,0.121,0.570356295,0.106128266,280.2850356,4.750593824,8.076009501,4.750593824,0.475059382,73.63420428,52.25653207,163.6655949,27.47284869,40.771,1.111,81.542,36.69756976,2.528961551,5.32,50.8,129.6,305.6,1.5,6.8,179.2,1.974248927,8.3495,1.145833333,9.827641026
Needles-A5,226,78,212,needle,rs20,tshe,59,7.5,0.416448692,700,44.222,122.249,46.31,0.734,0.235721248,0.261598441,0,0.841569201,0.131335283,786.5497076,2.923976608,4.385964912,10.23391813,na,79.92202729,39.47368421,54.95495495,27.45476761,4.496,0.183,8.992,24.56830601,0.170232204,6.09,17.61904762,113.8095238,58.85714286,1.333333333,1.904761905,202,0.355029586,8.87047619,3.194444444,12.35673993
Needles-B3,1624,39,285,needle,rs20,psme,59,28.5,0.171478873,700,44.222,122.249,47.711,0.95,0.249262537,0.287512291,0.131,0.655408063,0.087807276,514.7492625,2.949852507,11.79941003,6.391347099,0.491642085,146.5093412,50.63913471,95.65217391,42.21967963,8.032,0.276,16.064,29.10144928,0.51568323,6.37,27.4,198.9,80.2,0.8,1.5,140.1,1.967213115,3.7385,0.7525,5.001
Needles-C6,1801,84,250,needle,rs20,tshe,59,17.3,0.293963783,700,44.222,122.249,0,0,0.216458853,0.243042394,0,0.599750623,0.136309227,458.8528678,5.486284289,10.47381546,7.481296758,0.498753117,124.6882793,54.86284289,248.9932886,57.87221156,7.004,0.34,14.008,20.6,0.35917226,5.56,49.7,88.2,104.1,0.9,2.3,222.9,1.560283688,7.814,1.220833333,9.260987179
Needles-D2,1910,25,305,needle,rs20,psme,59,40.8,0.244969819,700,44.222,122.249,na,na,0.378032148,0.418753044,na,1.271261568,0.083049196,748.1734048,4.383828544,13.15148563,13.63857769,0.48709206,239.6492937,38.96736483,48.08652246,25.70088435,4.663,0.169,9.326,27.59171598,0.55988877,5.91,65.04761905,307.8095238,96.76190476,1.047619048,1.904761905,295.7142857,0.678733032,10.0752381,2.524603175,13.38909646
Needles-D4,1860,54,307,needle,rs20,psme,59,19.4,0.097987928,700,44.222,122.249,46.991,0.858,0.247325301,0.250216867,0.106,0.994746988,0.12053012,509.3975904,2.409638554,8.192771084,4.819277108,na,100.7228916,39.51807229,179.0697674,15.40465116,35.59,1.094,71.18,32.53199269,2.344186047,5.59,61.8,121.8,326.2,0.9,5.7,249.2,2.682926829,9.7255,1.2775,11.31530769
Needles-D6,230,83,254,needle,rs20,tshe,59,8.2,0.51443662,700,44.222,122.249,46.11,0.789,0.219931102,0.193061024,0.112,0.771751969,0.132135827,1055.610236,4.921259843,3.44488189,13.28740157,na,67.42125984,44.78346457,87.05035971,53.46512834,11.374,0.405,22.748,28.08395062,0.243677934,6.01,66.27272727,101.8181818,118.1818182,0.636363636,2.363636364,237.6363636,1.595092025,5.270909091,0.992424242,6.524405594
Needles-E5,227,67,247,needle,rs20,tshe,59,7.6,0.489939638,700,44.222,122.249,na,na,0.200740349,0.206451613,na,0.540930724,0.141723956,641.9883659,4.230565838,5.288207298,5.288207298,na,122.1575886,51.82443152,66.15384615,11.32323331,6.392,0.263,12.784,24.30418251,0.052823077,6.06,93.75,365.4166667,268.75,2.083333333,5.416666667,771.6666667,0.638722555,16.5125,4.927083333,22.37654915
A2,3480,217,80,soil,rs23,tabr,60,12.7,0.102167832,1020,44.227,122.123,50.389,1.007,0.079394813,0.079154659,0.128,0.285446686,0.093323727,396.2536023,4.322766571,24.01536984,6.724303554,0.480307397,59.5581172,45.14889529,107.1428571,22.60032518,12.117,0.316,24.234,38.34493671,1.174755382,5.21,32.27272727,74.90909091,35.36363636,1.090909091,2.090909091,175.3636364,0.664206642,1.346818182,0.313636364,1.852529138
C2,3536,215,86,soil,rs23,psme,60,123.6,0.178793706,1020,44.227,122.123,47.326,0.835,0.135690073,0.225084746,0.156,0.40062954,0.075883777,176.7554479,3.87409201,10.65375303,1.937046005,0,74.09200969,26.15012107,142.1052632,7.061403509,15.721,0.445,31.442,35.32808989,3.171237954,5.4,48,112.0952381,20.19047619,1.333333333,3.523809524,219.4285714,0.677290837,1.9,0.485714286,2.673137973
F1,3554,202,79,soil,rs23,tabr,60,9.2,-0.051083916,1020,44.227,122.123,49.153,1.106,0.115537849,0.110358566,0,0.317928287,0.175298805,375,5.478087649,32.37051793,7.96812749,0.498007968,80.17928287,59.26294821,105.7142857,20.11621009,12.654,0.374,25.308,33.8342246,1.129979879,5.52,32.85714286,89.23809524,24.28571429,0.952380952,3.238095238,181.9047619,1.151515152,1.008095238,0.379365079,1.616275946
G3,6089,219,93,soil,rs23,tabr,60,7.4,0,1020,44.227,122.123,49.857,0.948,0.081861575,0.020190931,0.096,0.475369928,0.113556086,506.4439141,3.818615752,28.63961814,10.02386635,0.477326969,78.28162291,58.71121718,88.88888889,7.698168122,8.722,0.292,17.444,29.86986301,0.72452381,4.81,24.09090909,39.45454545,23.45454545,0.636363636,2,158,0.520231214,0.807272727,0.240909091,1.149347319
G5,434,249,na,soil,rs23,tabr,60,7,0.076625874,1020,44.227,122.123,na,na,na,na,na,na,na,na,na,na,na,na,na,na,94.74835886,6.294406619,10.111,0.347,20.222,29.13832853,0.134700948,5.77,28.7826087,56.43478261,20.34782609,0.695652174,1.130434783,118.6086957,0.581655481,0.813043478,0.313768116,1.271516165
G9,3523,301,45,soil,rs23,psme,60,108.5,0.102167832,1020,44.227,122.123,na,na,0.081351351,0.15527027,na,0.146351351,0.070675676,234.4594595,17.56756757,8.783783784,6.081081081,0.675675676,140.5405405,86.48648649,320.1680672,0,49.627,0.928,99.254,53.47737069,3.418901807,4.15,39.4,168,51.6,1,5.9,71.4,2.018348624,3.4115,0.791666667,4.633935897
H3,3396,218,116,soil,rs23,tabr,60,28,0,1020,44.227,122.123,48.998,0.846,0.095889749,0.273887814,0.085,0.242940039,0.081914894,311.4119923,2.901353965,34.33268859,6.769825919,na,56.57640232,28.04642166,125,23.72231013,18.649,0.345,37.298,54.05507246,0.5925,5.62,50.9,45.6,34.8,1,3.2,185.9,0.669144981,1.419,0.455833333,1.99175641
H9,3529,300,23,soil,rs23,psme,60,95.3,0.076625874,1020,44.227,122.123,46.899,0.894,0.242102689,0.382347188,0.138,0.329388753,0.096185819,453.3007335,2.93398533,18.09290954,8.80195599,0.488997555,181.9070905,61.12469438,257.7981651,7.472999652,39.809,0.932,79.618,42.71351931,3.503440367,4.25,39.61904762,189.047619,24.66666667,1.619047619,6.666666667,213.9047619,1.621621622,3.211904762,0.80952381,4.506166056
Needles-A4,6520,57,261,needle,rs23,psme,60,NA,NA,1020,NA,NA,46.852,0.824,0.212572254,0.268593449,0.123,0.616859345,0.070953757,596.8208092,3.853564547,13.96917148,7.225433526,0.481695568,106.4547206,53.94990366,NA,NA,NA,NA,NA,NA,NA,NA,NA,NA,NA,NA,NA,NA,NA,NA,NA,NA
Needles-B6,3536,86,215,needle,rs23,psme,60,123.6,0.178793706,1020,44.227,122.123,47.326,0.835,0.135690073,0.225084746,0.156,0.40062954,0.075883777,176.7554479,3.87409201,10.65375303,1.937046005,0,74.09200969,26.15012107,142.1052632,7.061403509,15.721,0.445,31.442,35.32808989,3.171237954,5.4,48,112.0952381,20.19047619,1.333333333,3.523809524,219.4285714,0.677290837,1.9,0.485714286,2.673137973
Needles-C9,3396,116,218,needle,rs23,tabr,60,28,0,1020,44.227,122.123,48.998,0.846,0.095889749,0.273887814,0.085,0.242940039,0.081914894,311.4119923,2.901353965,34.33268859,6.769825919,na,56.57640232,28.04642166,125,23.72231013,18.649,0.345,37.298,54.05507246,0.5925,5.62,50.9,45.6,34.8,1,3.2,185.9,0.669144981,1.419,0.455833333,1.99175641
Needles-D7,6089,93,219,needle,rs23,tabr,60,7.4,0,1020,44.227,122.123,49.857,0.948,0.081861575,0.020190931,0.096,0.475369928,0.113556086,506.4439141,3.818615752,28.63961814,10.02386635,0.477326969,78.28162291,58.71121718,88.88888889,7.698168122,8.722,0.292,17.444,29.86986301,0.72452381,4.81,24.09090909,39.45454545,23.45454545,0.636363636,2,158,0.520231214,0.807272727,0.240909091,1.149347319
Needles-F2,3529,23,300,needle,rs23,psme,60,95.3,0.076625874,1020,44.227,122.123,46.899,0.894,0.242102689,0.382347188,0.138,0.329388753,0.096185819,453.3007335,2.93398533,18.09290954,8.80195599,0.488997555,181.9070905,61.12469438,257.7981651,7.472999652,39.809,0.932,79.618,42.71351931,3.503440367,4.25,39.61904762,189.047619,24.66666667,1.619047619,6.666666667,213.9047619,1.621621622,3.211904762,0.80952381,4.506166056
Needles-G4,3523,45,301,needle,rs23,psme,60,108.5,0.102167832,1020,44.227,122.123,na,na,0.081351351,0.15527027,na,0.146351351,0.070675676,234.4594595,17.56756757,8.783783784,6.081081081,0.675675676,140.5405405,86.48648649,320.1680672,0,49.627,0.928,99.254,53.47737069,3.418901807,4.15,39.4,168,51.6,1,5.9,71.4,2.018348624,3.4115,0.791666667,4.633935897
Needles-G6,3480,80,217,needle,rs23,tabr,60,12.7,0.102167832,1020,44.227,122.123,50.389,1.007,0.079394813,0.079154659,0.128,0.285446686,0.093323727,396.2536023,4.322766571,24.01536984,6.724303554,0.480307397,59.5581172,45.14889529,107.1428571,22.60032518,12.117,0.316,24.234,38.34493671,1.174755382,5.21,32.27272727,74.90909091,35.36363636,1.090909091,2.090909091,175.3636364,0.664206642,1.346818182,0.313636364,1.852529138
Needles-H6,3554,79,202,needle,rs23,tabr,60,9.2,-0.051083916,1020,44.227,122.123,49.153,1.106,0.115537849,0.110358566,0,0.317928287,0.175298805,375,5.478087649,32.37051793,7.96812749,0.498007968,80.17928287,59.26294821,105.7142857,20.11621009,12.654,0.374,25.308,33.8342246,1.129979879,5.52,32.85714286,89.23809524,24.28571429,0.952380952,3.238095238,181.9047619,1.151515152,1.008095238,0.379365079,1.616275946
A10,3603,315,30,soil,rs26,tshe,63,NA,NA,1050,44.27,122.17,47.658,0.852,0.167766619,0.17422286,0.15,0.62266858,0.114729794,646.1023434,4.782400765,5.738880918,13.86896222,0.478240077,83.21377331,40.6504065,74.75728155,4.811619582,9.209,0.319,18.418,28.86833856,1.175866852,6.15,13.7,169.4,43.7,0.6,1.1,132.5,0.565552699,6.609,1.195,8.238358974
A5,3537,255,100,soil,rs26,tshe,63,NA,NA,1050,44.27,122.17,46.949,0.868,0.165386395,0.219111522,0.117,0.601758445,0.082970847,685.7936141,3.70198982,6.478482184,15.27070801,na,57.84359093,24.06293383,56.09756098,14.61086715,16.045,0.431,32.09,37.22737819,0.202276423,6.03,12.7,78.4,31.4,0.6,1,111.9,0.511508951,1.47,0.3125,1.983525641
B10,884,314,58,soil,rs26,tshe,63,NA,NA,1050,44.27,122.17,47.889,0.842,0.148157129,0.186372454,0.092,0.408874879,0.067167798,547.0417071,3.879728419,4.364694471,13.57904947,0,129.970902,54.31619787,85.41033435,21.14238888,12.228,0.337,24.456,36.28486647,2.765262701,5.77,23.1,166,68.8,0.7,2.2,146,0.859375,3.863,0.545833333,4.834474359
F6,3088,258,89,soil,rs26,tshe,63,NA,NA,1050,44.27,122.17,na,na,0.159624109,0.084186649,na,0.548541802,0.101879456,806.8697343,9.07323396,6.4808814,17.49837978,0.64808814,120.544394,53.14322748,83.61581921,23.42234051,3.841,0.183,7.682,20.98907104,0.244056026,5.93,20.57142857,130.6666667,50.66666667,0.952380952,1.333333333,94.57142857,0.694006309,4.018571429,1.192857143,5.546471306
Needles-G3,3603,30,315,needle,rs26,tshe,63,NA,NA,1050,44.27,122.17,47.658,0.852,0.167766619,0.17422286,0.15,0.62266858,0.114729794,646.1023434,4.782400765,5.738880918,13.86896222,0.478240077,83.21377331,40.6504065,74.75728155,4.811619582,9.209,0.319,18.418,28.86833856,1.175866852,6.15,13.7,169.4,43.7,0.6,1.1,132.5,0.565552699,6.609,1.195,8.238358974
Needles-G7,3088,89,258,needle,rs26,tshe,63,NA,NA,1050,44.27,122.17,na,na,0.159624109,0.084186649,na,0.548541802,0.101879456,806.8697343,9.07323396,6.4808814,17.49837978,0.64808814,120.544394,53.14322748,83.61581921,23.42234051,3.841,0.183,7.682,20.98907104,0.244056026,5.93,20.57142857,130.6666667,50.66666667,0.952380952,1.333333333,94.57142857,0.694006309,4.018571429,1.192857143,5.546471306
Needles-H5,884,58,314,needle,rs26,tshe,63,NA,NA,1050,44.27,122.17,47.889,0.842,0.148157129,0.186372454,0.092,0.408874879,0.067167798,547.0417071,3.879728419,4.364694471,13.57904947,0,129.970902,54.31619787,85.41033435,21.14238888,12.228,0.337,24.456,36.28486647,2.765262701,5.77,23.1,166,68.8,0.7,2.2,146,0.859375,3.863,0.545833333,4.834474359
Needles-H8,3537,100,255,needle,rs26,tshe,63,NA,NA,1050,44.27,122.17,46.949,0.868,0.165386395,0.219111522,0.117,0.601758445,0.082970847,685.7936141,3.70198982,6.478482184,15.27070801,na,57.84359093,24.06293383,56.09756098,14.61086715,16.045,0.431,32.09,37.22737819,0.202276423,6.03,12.7,78.4,31.4,0.6,1,111.9,0.511508951,1.47,0.3125,1.983525641
Needles-H9,3084,111,256,needle,rs26,tshe,63,NA,NA,1050,44.27,122.17,47.1,0.95,0.153174966,0.222293285,0.126,0.410552764,0.088350845,575.1484696,4.111466423,9.136592051,15.53220649,na,109.6391046,28.32343536,NA,NA,NA,NA,NA,NA,NA,NA,NA,NA,NA,NA,NA,NA,NA,NA,NA,NA
C10,5180,313,21,soil,rs31,tshe,61,6.2,-0.039358836,900,44.262,122.181,47.495,0.865,0.170473815,0.164987531,0.105,0.508329177,0.143241895,576.5586035,4.488778055,8.478802993,9.476309227,0.498753117,142.6433915,55.86034913,73.370319,0.500923057,5.214,0.281,10.428,18.55516014,2.451951654,6.09,34.8,132.4,62.9,0.5,1.3,121.4,0.476190476,5.6255,1.165,7.129987179
D10,5274,312,35,soil,rs31,tshe,61,27.9,0.039358836,900,44.262,122.181,47.256,0.936,0.193922925,0.32055336,0.113,0.312648221,0.09812253,511.8577075,3.458498024,6.422924901,8.399209486,0.494071146,173.4189723,61.75889328,68.03278689,4.0694828,6.046,0.267,12.092,22.64419476,0.946047608,5.85,43.18181818,171,45.54545455,0.454545455,1.363636364,110.4545455,0.506329114,5.137272727,0.964393939,6.540128205
D4,5129,244,88,soil,rs31,tshe,61,53.5,0.078717672,900,44.262,122.181,na,na,0.097515528,na,na,0.396770186,0.111801242,259.6273292,7.453416149,29.8136646,14.9068323,1.242236025,79.50310559,79.50310559,67.29323308,8.224569624,19.743,0.58,39.486,34.03965517,0.407158742,5.98,36.1,115.8,51,0.5,1.4,127.8,0.45540797,1.064,0.375,1.735923077
E2,5317,213,112,soil,rs31,tshe,61,13.2,0.039358836,900,44.262,122.181,na,na,0.14709389,0.170864382,na,0.397615499,0.128986587,612.5186289,5.961251863,10.43219076,14.15797317,na,114.7540984,23.84500745,53.84615385,14.60494812,5.472,0.271,10.944,20.19188192,0.398901099,6.31,23.80952381,156.0952381,62,0.476190476,1.428571429,94.28571429,0.348837209,4.600952381,0.873015873,5.874212454
E3,5213,222,na,soil,rs31,psme,61,199.6,-0.137755927,900,44.262,122.181,na,na,na,na,na,na,na,na,na,na,na,na,na,na,53.33333333,9.857493333,3.819,0.23,7.638,16.60434783,1.159452055,5.84,17.71428571,89.04761905,54.28571429,0.761904762,1.047619048,86.47619048,0.464037123,4.791428571,1.198412698,6.218168498
E9,5206,303,34,soil,rs31,tshe,61,20.2,0.177114763,900,44.262,122.181,,,,,,,,,,,,,,,72.31638418,0.602321708,8.114,0.282,16.228,28.77304965,0.87594162,5.45,24.81818182,111.9090909,62.81818182,0.454545455,1.636363636,104.8181818,0.580645161,4.175909091,0.728030303,5.190885781
H1,5286,200,82,soil,rs31,tshe,61,41.5,0.137755927,900,44.262,122.181,na,na,0.198159943,0.094904459,na,0.512384996,0.152158528,811.0403397,4.246284501,7.077140835,10.61571125,na,150.7430998,67.23283793,53.22580645,0,4.698,0.264,9.396,17.79545455,0.325011358,6.6,19.9,141.9,61.3,0.5,1.1,82.3,0.80952381,3.8125,0.630833333,4.807179487
H4,5262,238,113,soil,rs31,tabr,61,16.5,0.118076509,900,44.262,122.181,48.557,1.08,0.100432069,0.12049928,0.093,0.461065771,0.086509842,456.5530485,2.880460874,23.04368699,7.201152184,na,42.72683629,26.88430149,60,2.738868833,3.976,0.246,7.952,16.16260163,0.168328767,6.1,17.1,159.8,34.9,0.7,1,94.7,0.473372781,7.416,1.3425,9.16824359
Needles-D3,5274,35,312,needle,rs31,tshe,61,27.9,0.039358836,900,44.262,122.181,47.256,0.936,0.193922925,0.32055336,0.113,0.312648221,0.09812253,511.8577075,3.458498024,6.422924901,8.399209486,0.494071146,173.4189723,61.75889328,68.03278689,4.0694828,6.046,0.267,12.092,22.64419476,0.946047608,5.85,43.18181818,171,45.54545455,0.454545455,1.363636364,110.4545455,0.506329114,5.137272727,0.964393939,6.540128205
Needles-E3,5206,34,303,needle,rs31,tshe,61,20.2,0.177114763,900,44.262,122.181,,,,,,,,,,,,,,,72.31638418,0.602321708,8.114,0.282,16.228,28.77304965,0.87594162,5.45,24.81818182,111.9090909,62.81818182,0.454545455,1.636363636,104.8181818,0.580645161,4.175909091,0.728030303,5.190885781
Needles-E6,5286,82,200,needle,rs31,tshe,61,41.5,0.137755927,900,44.262,122.181,na,na,0.198159943,0.094904459,na,0.512384996,0.152158528,811.0403397,4.246284501,7.077140835,10.61571125,na,150.7430998,67.23283793,53.22580645,0,4.698,0.264,9.396,17.79545455,0.325011358,6.6,19.9,141.9,61.3,0.5,1.1,82.3,0.80952381,3.8125,0.630833333,4.807179487
Needles-F9,5262,113,238,needle,rs31,tabr,61,16.5,0.118076509,900,44.262,122.181,48.557,1.08,0.100432069,0.12049928,0.093,0.461065771,0.086509842,456.5530485,2.880460874,23.04368699,7.201152184,na,42.72683629,26.88430149,60,2.738868833,3.976,0.246,7.952,16.16260163,0.168328767,6.1,17.1,159.8,34.9,0.7,1,94.7,0.473372781,7.416,1.3425,9.16824359
Needles-G9,5317,112,213,needle,rs31,tshe,61,13.2,0.039358836,900,44.262,122.181,na,na,0.14709389,0.170864382,na,0.397615499,0.128986587,612.5186289,5.961251863,10.43219076,14.15797317,na,114.7540984,23.84500745,53.84615385,14.60494812,5.472,0.271,10.944,20.19188192,0.398901099,6.31,23.80952381,156.0952381,62,0.476190476,1.428571429,94.28571429,0.348837209,4.600952381,0.873015873,5.874212454
Needles-H2,5180,21,313,needle,rs31,tshe,61,6.2,-0.039358836,900,44.262,122.181,47.495,0.865,0.170473815,0.164987531,0.105,0.508329177,0.143241895,576.5586035,4.488778055,8.478802993,9.476309227,0.498753117,142.6433915,55.86034913,73.370319,0.500923057,5.214,0.281,10.428,18.55516014,2.451951654,6.09,34.8,132.4,62.9,0.5,1.3,121.4,0.476190476,5.6255,1.165,7.129987179
Needles-H7,5129,88,244,needle,rs31,tshe,61,53.5,0.078717672,900,44.262,122.181,na,na,0.097515528,na,na,0.396770186,0.111801242,259.6273292,7.453416149,29.8136646,14.9068323,1.242236025,79.50310559,79.50310559,67.29323308,8.224569624,19.743,0.58,39.486,34.03965517,0.407158742,5.98,36.1,115.8,51,0.5,1.4,127.8,0.45540797,1.064,0.375,1.735923077
A8,5488,299,13,soil,rs34,tshe,61,55.6,0.319068966,820,44.219,122.166,46.999,1.097,0.244119059,0.368554969,0.218,0.4650024,0.120451272,325.4920787,6.24099856,12.00192031,10.08161306,0.480076812,118.0988958,58.5693711,68.10344828,12.5679614,5.453,0.277,10.906,19.68592058,0.734852217,5.61,46.2,103.5,16.5,0.7,1.6,122.5,0.693641618,2.0125,0.4475,2.725384615
B2,5270,216,91,soil,rs34,psme,61,189.9,0.393623709,820,44.219,122.166,47.298,0.923,0.28707483,0.308697765,0.141,0.780806608,0.114528669,354.2274052,3.887269193,23.32361516,10.68999028,na,58.3090379,59.76676385,105.5555556,21.98865415,12.504,0.524,25.008,23.86259542,0.403873239,5.43,110.5217391,118.173913,29.2173913,0.956521739,4.434782609,186.6956522,1.028571429,3.791304348,0.515217391,4.609531773
B8,5208,298,28,soil,rs34,tshe,61,81.5,0.180410867,820,44.219,122.166,47.474,0.928,0.093973542,0.120725135,0.091,0.266095051,0.070210681,247.9176874,3.429691328,4.409603136,6.859382656,0.489955904,71.53356198,45.07594317,95,8.025472238,8.33,0.443,16.66,18.80361174,1.80443662,5.57,36.85714286,99.52380952,14.85714286,0.761904762,1.619047619,132.7619048,0.789473684,2.826666667,0.98968254,4.071538462
D8,5181,296,38,soil,rs34,tshe,61,54.9,0.607109164,820,44.219,122.166,46.997,0.945,0.112038369,0.132757794,0.093,0.269544365,0.073669065,393.2853717,3.357314149,5.275779376,7.673860911,0.479616307,102.1582734,49.40047962,147.6635514,7.652688008,20.899,0.642,41.798,32.5529595,2.394080997,4.87,109.7272727,83,18.90909091,0.727272727,3.818181818,195.5454545,1.229050279,1.408636364,0.323484848,1.944941725
H2,5268,210,70,soil,rs34,psme,61,164.4,0.22961383,820,44.219,122.166,na,na,0.13444227,0.163502935,0,0.397749511,0.08630137,300.3913894,5.870841487,16.63405088,0.978473581,0.978473581,160.4696673,134.0508806,188.5714286,0,26.834,0.761,53.668,35.26149803,15.87142857,4.7,109.7,149.6,43.3,1.8,6.6,192.5,1.095100865,4.7855,0.788333333,5.957423077
Needles-A2,5208,28,298,needle,rs34,tshe,61,81.5,0.180410867,820,44.219,122.166,47.474,0.928,0.093973542,0.120725135,0.091,0.266095051,0.070210681,247.9176874,3.429691328,4.409603136,6.859382656,0.489955904,71.53356198,45.07594317,95,8.025472238,8.33,0.443,16.66,18.80361174,1.80443662,5.57,36.85714286,99.52380952,14.85714286,0.761904762,1.619047619,132.7619048,0.789473684,2.826666667,0.98968254,4.071538462
Needles-B1,5488,13,299,needle,rs34,tshe,61,55.6,0.319068966,820,44.219,122.166,46.999,1.097,0.244119059,0.368554969,0.218,0.4650024,0.120451272,325.4920787,6.24099856,12.00192031,10.08161306,0.480076812,118.0988958,58.5693711,68.10344828,12.5679614,5.453,0.277,10.906,19.68592058,0.734852217,5.61,46.2,103.5,16.5,0.7,1.6,122.5,0.693641618,2.0125,0.4475,2.725384615
Needles-C3,5181,38,296,needle,rs34,tshe,61,54.9,0.607109164,820,44.219,122.166,46.997,0.945,0.112038369,0.132757794,0.093,0.269544365,0.073669065,393.2853717,3.357314149,5.275779376,7.673860911,0.479616307,102.1582734,49.40047962,147.6635514,7.652688008,20.899,0.642,41.798,32.5529595,2.394080997,4.87,109.7272727,83,18.90909091,0.727272727,3.818181818,195.5454545,1.229050279,1.408636364,0.323484848,1.944941725
Needles-C5,5268,70,210,needle,rs34,psme,61,164.4,0.22961383,820,44.219,122.166,na,na,0.13444227,0.163502935,0,0.397749511,0.08630137,300.3913894,5.870841487,16.63405088,0.978473581,0.978473581,160.4696673,134.0508806,188.5714286,0,26.834,0.761,53.668,35.26149803,15.87142857,4.7,109.7,149.6,43.3,1.8,6.6,192.5,1.095100865,4.7855,0.788333333,5.957423077
Needles-F7,5270,91,216,needle,rs34,psme,61,189.9,0.393623709,820,44.219,122.166,47.298,0.923,0.28707483,0.308697765,0.141,0.780806608,0.114528669,354.2274052,3.887269193,23.32361516,10.68999028,na,58.3090379,59.76676385,105.5555556,21.98865415,12.504,0.524,25.008,23.86259542,0.403873239,5.43,110.5217391,118.173913,29.2173913,0.956521739,4.434782609,186.6956522,1.028571429,3.791304348,0.515217391,4.609531773
